{"cameraMode":{"drawMode":0,"name":"Shaded","section":"Shading Mode"},"sceneLighting":true,"audioPlay":false,"sceneViewState":{"showFog":true,"showMaterialUpdate":false,"showSkybox":true,"showFlares":true,"showImageEffects":true,"showParticleSystems":true},"in2DMode":false,"pivot":{"x":289.504150390625,"y":370.6371154785156,"z":144.59906005859376},"rotation":{"x":-0.12083177268505097,"y":0.10462017357349396,"z":-0.012807173654437065,"w":-0.9870612025260925},"size":1047.7406005859375,"orthographic":false}