{"cameraMode":{"drawMode":0,"name":"Shaded","section":"Shading Mode"},"sceneLighting":false,"audioPlay":false,"sceneViewState":{"showFog":true,"showMaterialUpdate":false,"showSkybox":false,"showFlares":true,"showImageEffects":true,"showParticleSystems":true},"in2DMode":false,"pivot":{"x":282.3576965332031,"y":556.7073364257813,"z":9.416015625},"rotation":{"x":-0.2510725259780884,"y":-0.0124890748411417,"z":0.003239689627662301,"w":-0.9678823947906494},"size":334.73321533203127,"orthographic":false}